"Status","Start Time","Stop Time","Duration in ms","Parent Suite","Suite","Sub Suite","Test Class","Test Method","Name","Description"
"passed","Sun Feb 21 09:44:20 CST 2021","Sun Feb 21 09:44:20 CST 2021","1","calculator.TestCase","test_calculator","TestCalc","","","test_add[negative number]",""
"passed","Sun Feb 21 09:44:20 CST 2021","Sun Feb 21 09:44:20 CST 2021","0","calculator.TestCase","test_calculator","TestCalc","","","test_sub[bigint]",""
"passed","Sun Feb 21 09:44:20 CST 2021","Sun Feb 21 09:44:20 CST 2021","0","calculator.TestCase","test_calculator","TestCalc","","","test_sub[negative number]",""
"failed","Sun Feb 21 09:44:20 CST 2021","Sun Feb 21 09:44:20 CST 2021","3","calculator.TestCase","test_calculator","TestCalc","","","test_mul[except]",""
"failed","Sun Feb 21 09:44:20 CST 2021","Sun Feb 21 09:44:20 CST 2021","0","calculator.TestCase","test_calculator","TestCalc","","","test_div[negative number]",""
"passed","Sun Feb 21 09:44:20 CST 2021","Sun Feb 21 09:44:20 CST 2021","0","calculator.TestCase","test_calculator","TestCalc","","","test_mul[bigint]",""
"failed","Sun Feb 21 09:44:20 CST 2021","Sun Feb 21 09:44:20 CST 2021","0","calculator.TestCase","test_calculator","TestCalc","","","test_div[except]",""
"passed","Sun Feb 21 09:44:20 CST 2021","Sun Feb 21 09:44:20 CST 2021","0","calculator.TestCase","test_calculator","TestCalc","","","test_mul[float]",""
"failed","Sun Feb 21 09:44:20 CST 2021","Sun Feb 21 09:44:20 CST 2021","1","calculator.TestCase","test_calculator","TestCalc","","","test_add[except]",""
"passed","Sun Feb 21 09:44:20 CST 2021","Sun Feb 21 09:44:20 CST 2021","0","calculator.TestCase","test_calculator","TestCalc","","","test_mul[negative number]",""
"failed","Sun Feb 21 09:44:20 CST 2021","Sun Feb 21 09:44:20 CST 2021","1","calculator.TestCase","test_calculator","TestCalc","","","test_sub[float]",""
"passed","Sun Feb 21 09:44:20 CST 2021","Sun Feb 21 09:44:20 CST 2021","0","calculator.TestCase","test_calculator","TestCalc","","","test_div[float]",""
"passed","Sun Feb 21 09:44:20 CST 2021","Sun Feb 21 09:44:20 CST 2021","0","calculator.TestCase","test_calculator","TestCalc","","","test_sub[int]",""
"passed","Sun Feb 21 09:44:20 CST 2021","Sun Feb 21 09:44:20 CST 2021","0","calculator.TestCase","test_calculator","TestCalc","","","test_div[int]",""
"failed","Sun Feb 21 09:44:20 CST 2021","Sun Feb 21 09:44:20 CST 2021","0","calculator.TestCase","test_calculator","TestCalc","","","test_sub[except]",""
"passed","Sun Feb 21 09:44:20 CST 2021","Sun Feb 21 09:44:20 CST 2021","0","calculator.TestCase","test_calculator","TestCalc","","","test_add[int]",""
"passed","Sun Feb 21 09:44:20 CST 2021","Sun Feb 21 09:44:20 CST 2021","0","calculator.TestCase","test_calculator","TestCalc","","","test_div[bigint]",""
"passed","Sun Feb 21 09:44:20 CST 2021","Sun Feb 21 09:44:20 CST 2021","1","calculator.TestCase","test_calculator","TestCalc","","","test_add[bigint]",""
"passed","Sun Feb 21 09:44:20 CST 2021","Sun Feb 21 09:44:20 CST 2021","1","calculator.TestCase","test_calculator","TestCalc","","","test_mul[int]",""
"passed","Sun Feb 21 09:44:20 CST 2021","Sun Feb 21 09:44:20 CST 2021","0","calculator.TestCase","test_calculator","TestCalc","","","test_add[float]",""
